rank,n_props,prop_diameter_in,prop_pitch_in,prop_pitch_ratio,prop_family,blade_count_metadata,prop_drop_fraction_of_diameter,prop_drop_m,prop_drop_bonus_multiplier,recommended_flap_span_fraction,recommended_flap_chord_fraction,recommended_flap_deflection_deg,recommended_aileron_span_fraction,recommended_aileron_chord_fraction,equivalent_reference_clmax,equivalent_vstall_mps,low_speed_lift_margin,peak_total_cl,alpha_at_peak_total_cl_deg,alpha_required_for_4ms_cl_deg,cd_at_required_alpha,roll_rate_at_nominal_degps,roll_rate_at_max_degps
6,10,5.5,2.2,0.4,balanced,3,0.0,0.0,1.003161976736856,0.6,0.22,40.0,0.28,0.28,16.40694332662479,2.6401550607186355,1.2954144630561117,14.574574653749872,13.833333333333332,-6.0,3.213568721596022,30.89893474874027,44.14133535534323
6,10,5.5,2.2,0.4,balanced,3,0.04,0.005588,1.0110363832351432,0.6,0.22,40.0,0.28,0.28,16.48030224312143,2.6342724341750166,1.3056777469943972,14.568965310553573,13.833333333333332,-6.0,3.213568721596022,30.89893474874027,44.14133535534323
6,10,5.5,2.2,0.4,balanced,3,0.08,0.011176,1.0233640234921422,0.6,0.22,40.0,0.28,0.28,16.595148020058463,2.625141442930163,1.3217452528152034,14.560183700788183,13.833333333333332,-6.0,3.213568721596022,30.89893474874027,44.14133535534323
6,10,5.5,2.2,0.4,balanced,3,0.12,0.016763999999999998,1.03,0.6,0.22,40.0,0.28,0.28,16.65696957405361,2.620265370303596,1.3303944013094742,14.5554565547254,13.833333333333332,-6.0,3.213568721596022,30.89893474874027,44.14133535534323
6,10,5.5,2.2,0.4,balanced,3,0.16,0.022352,1.0233640234921422,0.6,0.22,40.0,0.28,0.28,16.595148020058463,2.625141442930163,1.3217452528152034,14.560183700788183,13.833333333333332,-6.0,3.213568721596022,30.89893474874027,44.14133535534323
6,10,5.5,2.2,0.4,balanced,3,0.2,0.02794,1.0110363832351432,0.6,0.22,40.0,0.28,0.28,16.48030224312143,2.6342724341750166,1.3056777469943972,14.568965310553573,13.833333333333332,-6.0,3.213568721596022,30.89893474874027,44.14133535534323
6,10,5.5,2.2,0.4,balanced,3,0.24,0.033527999999999995,1.003161976736856,0.6,0.22,40.0,0.28,0.28,16.40694332662479,2.6401550607186355,1.2954144630561117,14.574574653749872,13.833333333333332,-6.0,3.213568721596022,30.89893474874027,44.14133535534323
